{
  "best_model_name": "random_forest",
  "scores_per_model": {
    "logreg": 0.9618215670103094,
    "random_forest": 0.9766809639175258,
    "mlp": 0.9183750962199313
  },
  "validation_metrics": {
    "roc_auc": 0.9766809639175258,
    "precision": 0.6218684148911262,
    "recall": 0.8853333333333333,
    "f1": 0.7305735112089121,
    "accuracy": 0.98041
  }
}